Name,Website,Region,Source
ReMA Convention,https://rema2026.org,,directory:rema
Join ReMA,https://recycledmaterials.org,,directory:rema
ReMA Pro Shop,https://remamerchstore.com,,directory:rema
Login,https://portal.recycledmaterials.org,,directory:rema
Specifications,https://isrispecs.org,,directory:rema
Register Now & Save,https://s2.goeshow.com,,directory:rema
Canadian Government Intervenes in Railroad Labor Dispute and Rail Operations Expected to Resume in Coming Days,https://remanews.org,GL-ENC,directory:rema
https://rematter.com,https://rematter.com,,directory:rema
https://valisinsights.com,https://valisinsights.com,,directory:rema
https://omnisource.com,https://omnisource.com,,directory:rema
Download,https://play.google.com,,directory:rema
Browse content,https://videos.recycledmaterials.org,,directory:rema
Mobile,https://apps.apple.com,,directory:rema
https://facebook.com,https://facebook.com,,directory:rema
https://instagram.com,https://instagram.com,,directory:rema
https://twitter.com,https://twitter.com,,directory:rema
Recycled Rubber Facts,https://recycledrubberfacts.org,,directory:rema
RIOS Certification,https://rioscertification.org,,directory:rema
Fiber Recycling Readiness Tool,https://fiberrrt.org,,directory:rema
Materials Theft Alert,https://scraptheftalert.com,,directory:rema
Recycling Education And Research Foundation,https://rerfoundation.org,,directory:rema
Sponsorship and Ad Opportunities,https://sponsor.recycledmaterials.org,,directory:rema
